alpha,exact_fdr,self_belief_fdr_k5,self_belief_fdr_k20,self_belief_fdr_k100
0.05,0.0,0.010207668311405549,0.0038253067043403474,0.00012831719856371812
