regime,alpha,prob_any_approval,mfdr,pfdr,fdr
baseline_dense,0.28,0.9999341685313572,0.011545289578393106,0.011545289578393106,0.011544529535024254
sparse_small_market,0.2,0.6387635690247822,0.014962924207114897,0.014962924207114897,0.00955777086958402
