{
  "alpha_grid": [
    0.01,
    0.02,
    0.03,
    0.04,
    0.05,
    0.060000000000000005,
    0.06999999999999999,
    0.08,
    0.09,
    0.09999999999999999,
    0.11,
    0.12,
    0.13,
    0.14,
    0.15000000000000002,
    0.16,
    0.17,
    0.18000000000000002,
    0.19,
    0.2,
    0.21000000000000002,
    0.22,
    0.23,
    0.24000000000000002,
    0.25,
    0.26,
    0.27,
    0.28,
    0.29000000000000004,
    0.3,
    0.31,
    0.32,
    0.33,
    0.34,
    0.35000000000000003,
    0.36000000000000004,
    0.37,
    0.38,
    0.39,
    0.4,
    0.41000000000000003,
    0.42000000000000004,
    0.43,
    0.44,
    0.45,
    0.46,
    0.47000000000000003,
    0.48000000000000004,
    0.49,
    0.5,
    0.51,
    0.52,
    0.53,
    0.54,
    0.55,
    0.56,
    0.5700000000000001,
    0.5800000000000001,
    0.59,
    0.6,
    0.61,
    0.62,
    0.63,
    0.64,
    0.65,
    0.66,
    0.67,
    0.68,
    0.6900000000000001,
    0.7000000000000001,
    0.7100000000000001,
    0.72,
    0.73,
    0.74,
    0.75,
    0.76,
    0.77,
    0.78,
    0.79,
    0.8,
    0.81,
    0.8200000000000001,
    0.8300000000000001,
    0.8400000000000001,
    0.85,
    0.86,
    0.87,
    0.88,
    0.89,
    0.9,
    0.91,
    0.92,
    0.93,
    0.9400000000000001,
    0.9500000000000001,
    0.9600000000000001,
    0.97,
    0.98,
    0.99
  ],
  "base_params": {
    "alpha_tol": 1e-06,
    "beta_a": 6.0,
    "beta_b": 5.0,
    "c": 0.05,
    "c0": 0.5,
    "crowding": "power",
    "distribution": "beta",
    "eta": 1.0,
    "fixed_point_iters": 40,
    "fixed_point_tol": 1e-06,
    "gamma": 1.0,
    "grid_points": 301,
    "m": 1,
    "mu_b": 0.5,
    "n_max": 60,
    "n_min": 10,
    "reward": 30.0,
    "tail_method": "exact",
    "truncnorm_mean": 0.58,
    "truncnorm_sd": 0.12
  },
  "fdr_cap": 0.05,
  "m_values": [
    1,
    2,
    5,
    10,
    15,
    20,
    25,
    30,
    35,
    40,
    50,
    60,
    80
  ],
  "rows": [
    {
      "fdr_cap": 0.05,
      "feasible_alpha_count": 33,
      "m": 1,
      "selected_alpha": 0.33,
      "selected_approval_probability": 0.5509346661430035,
      "selected_entry_rate": 0.927887646479627,
      "selected_expected_false_approvals": 0.04957849222479242,
      "selected_expected_false_negatives": 0.11759823789435242,
      "selected_expected_true_approvals": 0.5013561739182105,
      "selected_false_negative_rate": 0.18999499098806738,
      "selected_fdr": 0.04957849222479242,
      "selected_reward": 29.99999910593033,
      "selected_sensitivity": 0.8100050090119326
    },
    {
      "fdr_cap": 0.05,
      "feasible_alpha_count": 27,
      "m": 2,
      "selected_alpha": 0.26,
      "selected_approval_probability": 0.5167033706120151,
      "selected_entry_rate": 0.8571612568469472,
      "selected_expected_false_approvals": 0.0638817155500319,
      "selected_expected_false_negatives": 0.2683837979511283,
      "selected_expected_true_approvals": 0.9695250256739976,
      "selected_false_negative_rate": 0.21680417235025917,
      "selected_fdr": 0.047377766677442174,
      "selected_reward": 22.249449491500854,
      "selected_sensitivity": 0.7831958276497408
    },
    {
      "fdr_cap": 0.05,
      "feasible_alpha_count": 26,
      "m": 5,
      "selected_alpha": 0.26,
      "selected_approval_probability": 0.48741698959386975,
      "selected_entry_rate": 0.7689778036986691,
      "selected_expected_false_approvals": 0.12299167535336047,
      "selected_expected_false_negatives": 0.7806787864468265,
      "selected_expected_true_approvals": 2.314093272615988,
      "selected_false_negative_rate": 0.25225728148884685,
      "selected_fdr": 0.048680944261756495,
      "selected_reward": 11.874205470085144,
      "selected_sensitivity": 0.7477427185111531
    },
    {
      "fdr_cap": 0.05,
      "feasible_alpha_count": 27,
      "m": 10,
      "selected_alpha": 0.25,
      "selected_approval_probability": 0.43674557168592787,
      "selected_entry_rate": 0.6671176111477765,
      "selected_expected_false_approvals": 0.09384621477683178,
      "selected_expected_false_negatives": 1.9159346160431823,
      "selected_expected_true_approvals": 4.273609502082447,
      "selected_false_negative_rate": 0.30954373690180303,
      "selected_fdr": 0.021418555542482634,
      "selected_reward": 6.846910715103149,
      "selected_sensitivity": 0.690456263098197
    },
    {
      "fdr_cap": 0.05,
      "feasible_alpha_count": 37,
      "m": 15,
      "selected_alpha": 0.34,
      "selected_approval_probability": 0.44843921867913183,
      "selected_entry_rate": 0.6671176111477765,
      "selected_expected_false_approvals": 0.1851684991797622,
      "selected_expected_false_negatives": 2.7428963961812287,
      "selected_expected_true_approvals": 6.541419781007216,
      "selected_false_negative_rate": 0.2954333247418396,
      "selected_fdr": 0.027524186300232508,
      "selected_reward": 4.459319114685059,
      "selected_sensitivity": 0.7045666752581604
    },
    {
      "fdr_cap": 0.05,
      "feasible_alpha_count": 37,
      "m": 20,
      "selected_alpha": 0.32,
      "selected_approval_probability": 0.415600245472339,
      "selected_entry_rate": 0.6107256683321244,
      "selected_expected_false_approvals": 0.0,
      "selected_expected_false_negatives": 4.067083326804479,
      "selected_expected_true_approvals": 8.31200490944678,
      "selected_false_negative_rate": 0.3285446592822824,
      "selected_fdr": 0.0,
      "selected_reward": 3.6256952583789825,
      "selected_sensitivity": 0.6714553407177176
    },
    {
      "fdr_cap": 0.05,
      "feasible_alpha_count": 60,
      "m": 25,
      "selected_alpha": 0.6,
      "selected_approval_probability": 0.5212598715803137,
      "selected_entry_rate": 0.6592482019379551,
      "selected_expected_false_approvals": 0.485701299667199,
      "selected_expected_false_negatives": 2.9280648054734293,
      "selected_expected_true_approvals": 12.545795489840645,
      "selected_false_negative_rate": 0.18922652457707212,
      "selected_fdr": 0.03727133595069832,
      "selected_reward": 2.302114963531494,
      "selected_sensitivity": 0.8107734754229279
    },
    {
      "fdr_cap": 0.05,
      "feasible_alpha_count": 62,
      "m": 30,
      "selected_alpha": 0.62,
      "selected_approval_probability": 0.5431458617619567,
      "selected_entry_rate": 0.6433119226110134,
      "selected_expected_false_approvals": 0.44120771554974647,
      "selected_expected_false_negatives": 2.7154642170679333,
      "selected_expected_true_approvals": 15.853168137308955,
      "selected_false_negative_rate": 0.14623932259759886,
      "selected_fdr": 0.0270773007512851,
      "selected_reward": 1.8496973812580109,
      "selected_sensitivity": 0.8537606774024011
    },
    {
      "fdr_cap": 0.05,
      "feasible_alpha_count": 80,
      "m": 35,
      "selected_alpha": 0.73,
      "selected_approval_probability": 0.575628934338241,
      "selected_entry_rate": 0.6433119226110134,
      "selected_expected_false_approvals": 0.6121426569803189,
      "selected_expected_false_negatives": 2.1285343685815845,
      "selected_expected_true_approvals": 19.534870044858117,
      "selected_false_negative_rate": 0.09825484157333408,
      "selected_fdr": 0.030383792676340695,
      "selected_reward": 1.4890551567077637,
      "selected_sensitivity": 0.9017451584266659
    },
    {
      "fdr_cap": 0.05,
      "feasible_alpha_count": 90,
      "m": 40,
      "selected_alpha": 0.93,
      "selected_approval_probability": 0.6206877041124551,
      "selected_entry_rate": 0.6513120925069572,
      "selected_expected_false_approvals": 1.1667764435080459,
      "selected_expected_false_negatives": 1.097444751512362,
      "selected_expected_true_approvals": 23.660731720990157,
      "selected_false_negative_rate": 0.04432655824758458,
      "selected_fdr": 0.04699531003181639,
      "selected_reward": 1.2044499814510345,